relative_path,group,has_unwrapped,has_sticker,has_border_candy,crowding,review_status,notes
basler_120126/Image__2026-01-12__16-31-10.bmp,basler_120126,,,,,,
basler_120126/Image__2026-01-12__16-32-11.bmp,basler_120126,,,,,,
basler_120126/Image__2026-01-12__16-32-40.bmp,basler_120126,,,,,,
basler_120126/Image__2026-01-12__16-32-51.bmp,basler_120126,,,,,,
basler_120126/Image__2026-01-12__16-33-42.bmp,basler_120126,,,,,,
basler_120126/Image__2026-01-12__16-33-50.bmp,basler_120126,,,,,,
basler_120126/Image__2026-01-12__16-33-57.bmp,basler_120126,,,,,,
basler_120126/Image__2026-01-12__16-34-15.bmp,basler_120126,,,,,,
basler_120126/Image__2026-01-12__16-34-27.bmp,basler_120126,,,,,,
basler_120126/Image__2026-01-12__16-34-45.bmp,basler_120126,,,,,,
basler_120126/Image__2026-01-12__16-34-57.bmp,basler_120126,,,,,,
basler_120126/Image__2026-01-12__16-36-17.bmp,basler_120126,,,,,,
basler_120126/Image__2026-01-12__16-36-30.bmp,basler_120126,,,,,,
basler_120126/Image__2026-01-12__16-36-44.bmp,basler_120126,,,,,,
basler_120126/Image__2026-01-12__16-36-56.bmp,basler_120126,,,,,,
basler_120126/Image__2026-01-12__16-37-46.bmp,basler_120126,,,,,,
basler_120126/Image__2026-01-12__16-38-59.bmp,basler_120126,,,,,,
basler_120126/Image__2026-01-12__16-45-29.bmp,basler_120126,,,,,,
basler_120126/Image__2026-01-12__16-46-32.bmp,basler_120126,,,,,,
basler_120126/Image__2026-01-12__16-46-40.bmp,basler_120126,,,,,,
basler_120126/Image__2026-01-12__16-46-52.bmp,basler_120126,,,,,,
basler_120126/Image__2026-01-12__16-47-08.bmp,basler_120126,,,,,,
basler_120126/Image__2026-01-12__16-47-16.bmp,basler_120126,,,,,,
basler_120126/Image__2026-01-12__16-47-38.bmp,basler_120126,,,,,,
basler_120126/Image__2026-01-12__16-47-46.bmp,basler_120126,,,,,,
basler_120126/Image__2026-01-12__16-48-35.bmp,basler_120126,,,,,,
basler_120126/Image__2026-01-12__16-48-48.bmp,basler_120126,,,,,,
basler_120126/Image__2026-01-12__16-48-58.bmp,basler_120126,,,,,,
basler_120126/Image__2026-01-12__16-50-09.bmp,basler_120126,,,,,,
basler_120126/Image__2026-01-12__16-50-23.bmp,basler_120126,,,,,,
basler_120126/Image__2026-01-12__16-50-37.bmp,basler_120126,,,,,,
basler_120126/Image__2026-01-12__16-51-20.bmp,basler_120126,,,,,,
basler_120126/Image__2026-01-12__16-51-30.bmp,basler_120126,,,,,,
basler_120126/Image__2026-01-12__16-51-38.bmp,basler_120126,,,,,,
basler_120126/Image__2026-01-12__16-58-18.bmp,basler_120126,,,,,,
basler_120126/Image__2026-01-12__16-58-30.bmp,basler_120126,,,,,,
basler_120126/Image__2026-01-12__16-58-42.bmp,basler_120126,,,,,,
basler_120126/Image__2026-01-12__17-00-05.bmp,basler_120126,,,,,,
basler_120126/Image__2026-01-12__17-00-15.bmp,basler_120126,,,,,,
basler_120126/Image__2026-01-12__17-00-32.bmp,basler_120126,,,,,,
basler_120126/Image__2026-01-12__17-01-07.bmp,basler_120126,,,,,,
basler_120126/Image__2026-01-12__17-01-23.bmp,basler_120126,,,,,,
basler_120126/Image__2026-01-12__17-01-40.bmp,basler_120126,,,,,,
basler_120126/Image__2026-01-12__17-01-59.bmp,basler_120126,,,,,,
basler_120126/Image__2026-01-12__17-02-16.bmp,basler_120126,,,,,,
basler_120126/Image__2026-01-12__17-02-44.bmp,basler_120126,,,,,,
basler_120126/Image__2026-01-12__17-04-34.bmp,basler_120126,,,,,,
basler_120126/Image__2026-01-12__17-04-57.bmp,basler_120126,,,,,,
basler_120126/Image__2026-01-12__17-05-33.bmp,basler_120126,,,,,,
basler_120126/Image__2026-01-12__17-06-02.bmp,basler_120126,,,,,,
basler_OldObj/Image__2025-12-29__16-02-21.bmp,basler_OldObj,,,,,,
basler_OldObj/Image__2025-12-29__16-02-54.bmp,basler_OldObj,,,,,,
basler_OldObj/Image__2025-12-29__16-03-48.bmp,basler_OldObj,,,,,,
basler_OldObj/Image__2025-12-29__16-04-04.bmp,basler_OldObj,,,,,,
basler_OldObj/Image__2025-12-29__16-04-15.bmp,basler_OldObj,,,,,,
basler_OldObj/Image__2025-12-29__16-04-24.bmp,basler_OldObj,,,,,,
basler_OldObj/Image__2025-12-29__16-04-32.bmp,basler_OldObj,,,,,,
basler_OldObj/Image__2025-12-29__16-04-40.bmp,basler_OldObj,,,,,,
basler_OldObj/Image__2025-12-29__16-04-46.bmp,basler_OldObj,,,,,,
basler_OldObj/Image__2025-12-29__16-05-08.bmp,basler_OldObj,,,,,,
basler_OldObj/Image__2025-12-29__16-05-24.bmp,basler_OldObj,,,,,,
basler_OldObj/Image__2025-12-29__16-05-49.bmp,basler_OldObj,,,,,,
basler_OldObj/Image__2025-12-29__16-06-04.bmp,basler_OldObj,,,,,,
basler_OldObj/Image__2025-12-29__16-06-19.bmp,basler_OldObj,,,,,,
basler_OldObj/Image__2025-12-29__16-06-32.bmp,basler_OldObj,,,,,,
basler_OldObj/Image__2025-12-29__16-07-22.bmp,basler_OldObj,,,,,,
basler_OldObj/Image__2025-12-29__16-07-28.bmp,basler_OldObj,,,,,,
basler_OldObj/Image__2025-12-29__16-07-33.bmp,basler_OldObj,,,,,,
basler_OldObj/Image__2025-12-29__16-07-39.bmp,basler_OldObj,,,,,,
basler_OldObj/Image__2025-12-29__16-07-44.bmp,basler_OldObj,,,,,,
basler_OldObj/Image__2025-12-29__16-07-49.bmp,basler_OldObj,,,,,,
basler_OldObj/Image__2025-12-29__16-07-54.bmp,basler_OldObj,,,,,,
basler_OldObj/Image__2025-12-29__16-08-07.bmp,basler_OldObj,,,,,,
basler_OldObj/Image__2025-12-29__16-08-16.bmp,basler_OldObj,,,,,,
basler_OldObj/Image__2025-12-29__16-08-22.bmp,basler_OldObj,,,,,,
basler_OldObj/Image__2025-12-29__16-08-33.bmp,basler_OldObj,,,,,,
basler_OldObj/Image__2025-12-29__16-08-42.bmp,basler_OldObj,,,,,,
basler_OldObj/Image__2025-12-29__16-08-56.bmp,basler_OldObj,,,,,,
basler_OldObj/Image__2025-12-29__16-09-06.bmp,basler_OldObj,,,,,,
basler_OldObj/Image__2025-12-29__16-09-15.bmp,basler_OldObj,,,,,,
basler_OldObj/Image__2025-12-29__16-09-21.bmp,basler_OldObj,,,,,,
basler_OldObj/Image__2025-12-29__16-09-28.bmp,basler_OldObj,,,,,,
basler_OldObj/Image__2025-12-29__16-09-35.bmp,basler_OldObj,,,,,,
basler_OldObj/Image__2025-12-29__16-09-42.bmp,basler_OldObj,,,,,,
basler_OldObj/Image__2025-12-29__16-09-49.bmp,basler_OldObj,,,,,,
basler_OldObj/Image__2025-12-29__16-09-57.bmp,basler_OldObj,,,,,,
basler_OldObj/Image__2025-12-29__16-10-07.bmp,basler_OldObj,,,,,,
basler_OldObj/Image__2025-12-29__16-10-17.bmp,basler_OldObj,,,,,,
basler_OldObj/Image__2025-12-29__16-10-25.bmp,basler_OldObj,,,,,,
basler_OldObj/Image__2025-12-29__16-10-39.bmp,basler_OldObj,,,,,,
basler_OldObj/Image__2025-12-29__16-10-46.bmp,basler_OldObj,,,,,,
basler_OldObj/Image__2025-12-29__16-10-54.bmp,basler_OldObj,,,,,,
basler_OldObj/Image__2025-12-29__16-11-02.bmp,basler_OldObj,,,,,,
basler_OldObj/Image__2025-12-29__16-11-08.bmp,basler_OldObj,,,,,,
basler_OldObj/Image__2025-12-29__16-11-13.bmp,basler_OldObj,,,,,,
basler_OldObj/Image__2025-12-29__16-11-19.bmp,basler_OldObj,,,,,,
basler_OldObj/Image__2025-12-29__16-11-24.bmp,basler_OldObj,,,,,,
basler_OldObj/Image__2025-12-29__16-11-37.bmp,basler_OldObj,,,,,,
basler_OldObj/Image__2025-12-29__16-11-44.bmp,basler_OldObj,,,,,,
basler_OldObj/Image__2025-12-29__16-12-05.bmp,basler_OldObj,,,,,,
basler_OldObj/Image__2025-12-29__16-12-10.bmp,basler_OldObj,,,,,,
basler_OldObj/Image__2025-12-29__16-13-11.bmp,basler_OldObj,,,,,,
basler_OldObj/Image__2025-12-29__16-13-32.bmp,basler_OldObj,,,,,,
basler_OldObj/Image__2025-12-29__16-13-40.bmp,basler_OldObj,,,,,,
basler_OldObj/Image__2025-12-29__16-13-47.bmp,basler_OldObj,,,,,,
basler_OldObj/Image__2025-12-29__16-14-00.bmp,basler_OldObj,,,,,,
basler_OldObj/Image__2025-12-29__16-17-17.bmp,basler_OldObj,,,,,,
basler_OldObj/Image__2025-12-29__16-19-29.bmp,basler_OldObj,,,,,,
basler_OldObj/Image__2025-12-29__16-19-35.bmp,basler_OldObj,,,,,,
basler_OldObj/Image__2025-12-29__16-19-41.bmp,basler_OldObj,,,,,,
basler_OldObj/Image__2025-12-29__16-20-35.bmp,basler_OldObj,,,,,,
basler_OldObj/Image__2025-12-29__16-20-45.bmp,basler_OldObj,,,,,,
basler_OldObj/Image__2025-12-29__16-20-57.bmp,basler_OldObj,,,,,,
basler_OldObj/Image__2025-12-29__16-21-09.bmp,basler_OldObj,,,,,,
basler_OldObj/Image__2025-12-29__16-21-22.bmp,basler_OldObj,,,,,,
basler_OldObj/Image__2025-12-29__16-21-27.bmp,basler_OldObj,,,,,,
basler_OldObj/Image__2025-12-29__16-21-30.bmp,basler_OldObj,,,,,,
basler_OldObj/Image__2025-12-29__16-21-36.bmp,basler_OldObj,,,,,,
basler_OldObj/Image__2025-12-29__16-21-40.bmp,basler_OldObj,,,,,,
basler_OldObj/Image__2025-12-29__16-21-44.bmp,basler_OldObj,,,,,,
basler_OldObj/Image__2025-12-29__16-21-48.bmp,basler_OldObj,,,,,,
basler_OldObj/Image__2025-12-29__16-21-56.bmp,basler_OldObj,,,,,,
basler_OldObj/Image__2025-12-29__16-22-03.bmp,basler_OldObj,,,,,,
basler_OldObj/Image__2025-12-29__16-22-08.bmp,basler_OldObj,,,,,,
basler_OldObj/Image__2025-12-29__16-22-13.bmp,basler_OldObj,,,,,,
basler_OldObj/Image__2025-12-29__16-31-03.bmp,basler_OldObj,,,,,,
basler_OldObj/Image__2025-12-29__16-31-10.bmp,basler_OldObj,,,,,,
basler_OldObj/Image__2025-12-29__16-31-50.bmp,basler_OldObj,,,,,,
basler_OldObj/Image__2025-12-29__16-31-54.bmp,basler_OldObj,,,,,,
basler_OldObj/Image__2025-12-29__16-31-58.bmp,basler_OldObj,,,,,,
basler_OldObj/Image__2025-12-29__16-32-02.bmp,basler_OldObj,,,,,,
basler_OldObj/Image__2025-12-29__16-32-06.bmp,basler_OldObj,,,,,,
basler_OldObj/Image__2025-12-29__16-32-09.bmp,basler_OldObj,,,,,,
basler_OldObj/Image__2025-12-29__16-32-14.bmp,basler_OldObj,,,,,,
basler_OldObj/Image__2025-12-29__16-32-21.bmp,basler_OldObj,,,,,,
basler_OldObj/Image__2025-12-29__16-32-29.bmp,basler_OldObj,,,,,,
basler_OldObj/Image__2025-12-29__16-32-34.bmp,basler_OldObj,,,,,,
basler_OldObj/Image__2025-12-29__17-27-20.bmp,basler_OldObj,,,,,,
basler_tstRGB/RGB_blue_E100000.bmp,basler_tstRGB,,,,,,
basler_tstRGB/RGB_green_E100000.bmp,basler_tstRGB,,,,,,
basler_tstRGB/RGB_red_E100000.bmp,basler_tstRGB,,,,,,
basler_tstRGB/RGB_white_E100000.bmp,basler_tstRGB,,,,,,
basler_tstRGB/upper_white_E12000.bmp,basler_tstRGB,,,,,,
images/20260116_155328_028.bmp,images,,,,,,
images/20260116_155330_685.bmp,images,,,,,,
images/20260116_155331_134.bmp,images,,,,,,
images/20260116_155331_585.bmp,images,,,,,,
images/20260116_155332_035.bmp,images,,,,,,
images/20260116_155332_917.bmp,images,,,,,,
images/20260116_155333_375.bmp,images,,,,,,
images/20260116_155334_706.bmp,images,,,,,,
images/20260116_155335_190.bmp,images,,,,,,
images/20260116_155348_055.bmp,images,,,,,,
images/20260116_155348_487.bmp,images,,,,,,
images/20260116_155348_947.bmp,images,,,,,,
images/20260116_155349_395.bmp,images,,,,,,
images/20260116_155349_837.bmp,images,,,,,,
images/20260116_155350_281.bmp,images,,,,,,
images/20260116_155350_717.bmp,images,,,,,,
images/20260116_155351_182.bmp,images,,,,,,
images/20260116_155352_059.bmp,images,,,,,,
images/20260116_155352_963.bmp,images,,,,,,
images/20260116_155405_414.bmp,images,,,,,,
images/20260116_155405_869.bmp,images,,,,,,
images/20260116_155406_771.bmp,images,,,,,,
images/20260116_155407_205.bmp,images,,,,,,
images/20260116_155408_096.bmp,images,,,,,,
images/20260116_155408_541.bmp,images,,,,,,
images/20260116_155408_982.bmp,images,,,,,,
images/20260116_155409_459.bmp,images,,,,,,
images/20260116_155409_927.bmp,images,,,,,,
images/20260116_155422_332.bmp,images,,,,,,
images/20260116_155422_779.bmp,images,,,,,,
images/20260116_155424_569.bmp,images,,,,,,
images/20260116_155425_456.bmp,images,,,,,,
images/20260116_155425_903.bmp,images,,,,,,
images/20260116_155426_339.bmp,images,,,,,,
images/20260116_155428_133.bmp,images,,,,,,
images/20260116_155429_906.bmp,images,,,,,,
images/20260116_155435_694.bmp,images,,,,,,
images/20260116_155436_141.bmp,images,,,,,,
images/20260116_155438_809.bmp,images,,,,,,
images/20260116_155448_166.bmp,images,,,,,,
images/20260116_155449_036.bmp,images,,,,,,
images/20260116_155449_498.bmp,images,,,,,,
images/20260116_155449_937.bmp,images,,,,,,
images/20260116_155450_394.bmp,images,,,,,,
images/20260116_155450_827.bmp,images,,,,,,
images/20260116_155451_283.bmp,images,,,,,,
images/20260116_155451_724.bmp,images,,,,,,
images/20260116_155452_167.bmp,images,,,,,,
images/20260116_155452_639.bmp,images,,,,,,
images/20260116_155453_069.bmp,images,,,,,,
images/20260116_155454_830.bmp,images,,,,,,
images/20260116_160622_597.bmp,images,,,,,,
images/20260116_160623_931.bmp,images,,,,,,
images/20260116_160624_817.bmp,images,,,,,,
images/20260116_160625_261.bmp,images,,,,,,
images/20260116_160625_710.bmp,images,,,,,,
images/20260116_160627_045.bmp,images,,,,,,
images/20260116_160627_944.bmp,images,,,,,,
images/20260116_160628_387.bmp,images,,,,,,
images/20260116_160628_829.bmp,images,,,,,,
images/20260116_160641_733.bmp,images,,,,,,
images/20260116_160642_187.bmp,images,,,,,,
images/20260116_160642_635.bmp,images,,,,,,
images/20260116_160643_521.bmp,images,,,,,,
images/20260116_160644_421.bmp,images,,,,,,
images/20260116_160644_863.bmp,images,,,,,,
images/20260116_160645_301.bmp,images,,,,,,
images/20260116_160645_743.bmp,images,,,,,,
images/20260116_160646_653.bmp,images,,,,,,
images/20260116_160647_097.bmp,images,,,,,,
images/20260116_160647_521.bmp,images,,,,,,
images/20260116_160659_111.bmp,images,,,,,,
images/20260116_160659_555.bmp,images,,,,,,
images/20260116_160659_995.bmp,images,,,,,,
images/20260116_160700_451.bmp,images,,,,,,
images/20260116_160701_365.bmp,images,,,,,,
images/20260116_160703_123.bmp,images,,,,,,
images/20260116_160703_589.bmp,images,,,,,,
images/20260116_160704_900.bmp,images,,,,,,
images/20260116_160705_331.bmp,images,,,,,,
images/20260116_160705_789.bmp,images,,,,,,
images/20260116_160706_243.bmp,images,,,,,,
images/20260116_160707_573.bmp,images,,,,,,
images/20260116_160719_145.bmp,images,,,,,,
images/20260116_160719_593.bmp,images,,,,,,
images/20260116_160720_043.bmp,images,,,,,,
images/20260116_160720_940.bmp,images,,,,,,
images/20260116_160723_135.bmp,images,,,,,,
images/20260116_160724_031.bmp,images,,,,,,
images/20260116_160724_924.bmp,images,,,,,,
images/20260116_160731_601.bmp,images,,,,,,
images/20260116_160746_289.bmp,images,,,,,,
images/20260116_160753_410.bmp,images,,,,,,
images/20260116_160754_303.bmp,images,,,,,,
images/20260116_160754_759.bmp,images,,,,,,
images/20260116_160755_189.bmp,images,,,,,,
images/20260116_160755_643.bmp,images,,,,,,
images/20260116_160756_085.bmp,images,,,,,,
images/20260116_160756_971.bmp,images,,,,,,
images/20260116_160757_911.bmp,images,,,,,,
images/20260116_160758_749.bmp,images,,,,,,
images/20260116_160759_212.bmp,images,,,,,,
images/20260116_160800_107.bmp,images,,,,,,
images/20260116_160803_217.bmp,images,,,,,,
images/20260116_160803_685.bmp,images,,,,,,
images/20260116_160804_111.bmp,images,,,,,,
images/20260116_161048_137.bmp,images,,,,,,
images/20260116_161048_575.bmp,images,,,,,,
images/20260116_161049_020.bmp,images,,,,,,
images/20260116_161049_475.bmp,images,,,,,,
images/20260116_161049_915.bmp,images,,,,,,
images/20260116_161101_935.bmp,images,,,,,,
images/20260116_161102_375.bmp,images,,,,,,
images/20260116_161102_817.bmp,images,,,,,,
images/20260116_161103_283.bmp,images,,,,,,
images/20260116_161103_727.bmp,images,,,,,,
images/20260116_161104_161.bmp,images,,,,,,
images/20260116_161104_595.bmp,images,,,,,,
images/20260116_161115_287.bmp,images,,,,,,
images/20260116_161115_731.bmp,images,,,,,,
images/20260116_161116_177.bmp,images,,,,,,
images/20260116_161116_633.bmp,images,,,,,,
images/20260116_161117_080.bmp,images,,,,,,
images/20260116_161117_513.bmp,images,,,,,,
images/20260116_161118_395.bmp,images,,,,,,
images/20260116_161130_421.bmp,images,,,,,,
images/20260116_161130_861.bmp,images,,,,,,
images/20260116_161131_307.bmp,images,,,,,,
images/20260116_161131_763.bmp,images,,,,,,
images/20260116_161132_202.bmp,images,,,,,,
images/20260116_161132_645.bmp,images,,,,,,
images/20260116_161133_105.bmp,images,,,,,,
images/20260116_161133_551.bmp,images,,,,,,
images/20260116_161133_994.bmp,images,,,,,,
images/20260116_161134_431.bmp,images,,,,,,
images/20260116_161135_325.bmp,images,,,,,,
images/20260116_161135_759.bmp,images,,,,,,
images/20260116_161147_774.bmp,images,,,,,,
images/20260116_161148_219.bmp,images,,,,,,
images/20260116_161148_661.bmp,images,,,,,,
images/20260116_161149_123.bmp,images,,,,,,
images/20260116_161149_551.bmp,images,,,,,,
images/20260116_161149_983.bmp,images,,,,,,
images/20260116_161150_456.bmp,images,,,,,,
images/20260116_161150_901.bmp,images,,,,,,
images/20260116_161151_775.bmp,images,,,,,,
images/20260116_161152_251.bmp,images,,,,,,
images/20260116_161152_679.bmp,images,,,,,,
images/20260116_161153_131.bmp,images,,,,,,
images/20260116_161153_572.bmp,images,,,,,,
images/20260116_161312_432.bmp,images,,,,,,
images/20260116_161313_334.bmp,images,,,,,,
images/20260116_161314_255.bmp,images,,,,,,
images/20260116_161314_689.bmp,images,,,,,,
images/20260116_161315_126.bmp,images,,,,,,
images/20260116_161315_563.bmp,images,,,,,,
images/20260116_161316_023.bmp,images,,,,,,
images/20260116_161316_453.bmp,images,,,,,,
images/20260116_161317_791.bmp,images,,,,,,
images/20260116_161318_698.bmp,images,,,,,,
images/20260116_161332_022.bmp,images,,,,,,
images/20260116_161332_917.bmp,images,,,,,,
images/20260116_161333_368.bmp,images,,,,,,
images/20260116_161333_831.bmp,images,,,,,,
images/20260116_161334_712.bmp,images,,,,,,
images/20260116_161335_149.bmp,images,,,,,,
images/20260116_161336_935.bmp,images,,,,,,
images/20260116_161337_371.bmp,images,,,,,,
images/20260116_161337_823.bmp,images,,,,,,
images/20260116_161338_280.bmp,images,,,,,,
images/20260116_161338_725.bmp,images,,,,,,
images/20260116_161352_046.bmp,images,,,,,,
images/20260116_161352_493.bmp,images,,,,,,
images/20260116_161353_841.bmp,images,,,,,,
images/20260116_161354_274.bmp,images,,,,,,
images/20260116_161354_743.bmp,images,,,,,,
images/20260116_161355_172.bmp,images,,,,,,
images/20260116_161355_629.bmp,images,,,,,,
images/20260116_161356_064.bmp,images,,,,,,
images/20260116_161356_959.bmp,images,,,,,,
images/20260116_161357_395.bmp,images,,,,,,
images/20260116_161410_311.bmp,images,,,,,,
images/20260116_161411_225.bmp,images,,,,,,
images/20260116_161411_667.bmp,images,,,,,,
images/20260116_161412_105.bmp,images,,,,,,
images/20260116_161412_541.bmp,images,,,,,,
images/20260116_161412_983.bmp,images,,,,,,
images/20260116_161417_433.bmp,images,,,,,,
images/20260116_161425_003.bmp,images,,,,,,
images/20260116_161425_453.bmp,images,,,,,,
images/20260116_161425_901.bmp,images,,,,,,
images/20260116_161426_351.bmp,images,,,,,,
images/20260116_161426_797.bmp,images,,,,,,
images/20260116_161427_232.bmp,images,,,,,,
images/20260116_161427_678.bmp,images,,,,,,
images/20260116_161516_953.bmp,images,,,,,,
images/20260116_161517_388.bmp,images,,,,,,
images/20260116_161517_847.bmp,images,,,,,,
images/20260116_161518_300.bmp,images,,,,,,
images/20260116_161518_745.bmp,images,,,,,,
images/20260116_161519_179.bmp,images,,,,,,
images/20260116_161524_523.bmp,images,,,,,,
images/20260116_161529_873.bmp,images,,,,,,
images/20260116_161530_309.bmp,images,,,,,,
images/20260116_161530_776.bmp,images,,,,,,
images/20260116_161531_665.bmp,images,,,,,,
images/20260116_161532_112.bmp,images,,,,,,
images/20260116_161532_551.bmp,images,,,,,,
images/20260116_161532_995.bmp,images,,,,,,
images/20260116_161533_433.bmp,images,,,,,,
images/20260116_161533_886.bmp,images,,,,,,
images/20260116_161534_354.bmp,images,,,,,,
images/20260116_161534_781.bmp,images,,,,,,
images/20260116_161546_357.bmp,images,,,,,,
images/20260116_161546_801.bmp,images,,,,,,
images/20260116_161547_227.bmp,images,,,,,,
images/20260116_161548_575.bmp,images,,,,,,
images/20260116_161549_006.bmp,images,,,,,,
images/20260116_161549_451.bmp,images,,,,,,
images/20260116_161550_344.bmp,images,,,,,,
images/20260116_161550_834.bmp,images,,,,,,
images/20260116_161551_248.bmp,images,,,,,,
images/20260116_161551_698.bmp,images,,,,,,
images/20260116_161605_473.bmp,images,,,,,,
images/20260116_161605_914.bmp,images,,,,,,
images/20260116_161606_370.bmp,images,,,,,,
images/20260116_161606_832.bmp,images,,,,,,
images/20260116_161607_252.bmp,images,,,,,,
images/20260116_161608_151.bmp,images,,,,,,
images/20260116_161608_601.bmp,images,,,,,,
images/20260116_161609_044.bmp,images,,,,,,
images/20260116_161621_513.bmp,images,,,,,,
images/20260116_161621_960.bmp,images,,,,,,
images/20260116_161622_390.bmp,images,,,,,,
images/20260116_161622_847.bmp,images,,,,,,
images/20260116_161623_289.bmp,images,,,,,,
images/20260116_161623_738.bmp,images,,,,,,
images/20260116_161624_173.bmp,images,,,,,,
images/20260116_161625_065.bmp,images,,,,,,
images/20260116_161625_981.bmp,images,,,,,,
images/20260116_161626_403.bmp,images,,,,,,
images/20260116_161626_853.bmp,images,,,,,,
images/20260116_161627_302.bmp,images,,,,,,
images/20260116_163002_314.bmp,images,,,,,,
images/20260116_163002_748.bmp,images,,,,,,
images/20260116_163003_202.bmp,images,,,,,,
images/20260116_163003_658.bmp,images,,,,,,
images/20260116_163004_092.bmp,images,,,,,,
images/20260116_163011_675.bmp,images,,,,,,
images/20260116_163012_120.bmp,images,,,,,,
images/20260116_163012_554.bmp,images,,,,,,
images/20260116_163013_006.bmp,images,,,,,,
images/20260116_163021_007.bmp,images,,,,,,
images/20260116_163021_470.bmp,images,,,,,,
images/20260116_163021_905.bmp,images,,,,,,
images/20260116_163022_356.bmp,images,,,,,,
images/20260116_163022_798.bmp,images,,,,,,
images/20260116_163023_248.bmp,images,,,,,,
images/20260116_163023_686.bmp,images,,,,,,
images/20260116_163031_696.bmp,images,,,,,,
images/20260116_163032_141.bmp,images,,,,,,
images/20260116_163032_583.bmp,images,,,,,,
images/20260116_163033_024.bmp,images,,,,,,
images/20260116_163035_249.bmp,images,,,,,,
images/20260116_163042_822.bmp,images,,,,,,
images/20260116_163043_272.bmp,images,,,,,,
images/20260116_163043_734.bmp,images,,,,,,
images/20260116_163044_184.bmp,images,,,,,,
images/20260116_163044_614.bmp,images,,,,,,
images/20260116_163139_294.bmp,images,,,,,,
images/20260116_163148_622.bmp,images,,,,,,
images/20260116_163149_072.bmp,images,,,,,,
images/20260116_163149_510.bmp,images,,,,,,
images/20260116_163149_972.bmp,images,,,,,,
images/20260116_163150_423.bmp,images,,,,,,
images/20260116_163150_870.bmp,images,,,,,,
images/20260116_163201_545.bmp,images,,,,,,
images/20260116_163201_980.bmp,images,,,,,,
images/20260116_163202_436.bmp,images,,,,,,
images/20260116_163202_886.bmp,images,,,,,,
images/20260116_163203_326.bmp,images,,,,,,
images/20260116_163212_222.bmp,images,,,,,,
images/20260116_163212_674.bmp,images,,,,,,
images/20260116_163213_110.bmp,images,,,,,,
images/20260116_163213_576.bmp,images,,,,,,
images/20260116_163214_016.bmp,images,,,,,,
images/20260116_163214_444.bmp,images,,,,,,
images/20260116_163214_900.bmp,images,,,,,,
images/20260116_163215_346.bmp,images,,,,,,
images/20260116_163226_016.bmp,images,,,,,,
images/20260116_163226_490.bmp,images,,,,,,
images/20260116_163226_900.bmp,images,,,,,,
images/20260116_163227_378.bmp,images,,,,,,
images/20260116_163228_254.bmp,images,,,,,,
images/20260116_163228_690.bmp,images,,,,,,
images/20260116_163229_136.bmp,images,,,,,,
images/20260116_163229_586.bmp,images,,,,,,
images/20260116_163230_516.bmp,images,,,,,,
images/20260116_163230_963.bmp,images,,,,,,
images/20260116_163232_254.bmp,images,,,,,,
images/20260116_163240_270.bmp,images,,,,,,
images/20260116_163240_714.bmp,images,,,,,,
images/20260116_163241_152.bmp,images,,,,,,
images/20260116_163241_618.bmp,images,,,,,,
images/20260116_163242_048.bmp,images,,,,,,
images/20260116_163316_726.bmp,images,,,,,,
images/20260116_163317_174.bmp,images,,,,,,
images/20260116_163317_622.bmp,images,,,,,,
images/20260116_163318_064.bmp,images,,,,,,
images/20260116_163318_506.bmp,images,,,,,,
images/20260116_163318_942.bmp,images,,,,,,
images/20260116_163319_404.bmp,images,,,,,,
images/20260116_163319_838.bmp,images,,,,,,
images/20260116_163320_287.bmp,images,,,,,,
images/20260116_163320_740.bmp,images,,,,,,
images/20260116_163321_212.bmp,images,,,,,,
images/20260116_163321_635.bmp,images,,,,,,
images/20260116_163331_422.bmp,images,,,,,,
images/20260116_163331_868.bmp,images,,,,,,
images/20260116_163332_308.bmp,images,,,,,,
images/20260116_163332_762.bmp,images,,,,,,
images/20260116_163345_662.bmp,images,,,,,,
images/20260116_163346_112.bmp,images,,,,,,
images/20260116_163346_570.bmp,images,,,,,,
images/20260116_163347_006.bmp,images,,,,,,
images/20260116_163347_456.bmp,images,,,,,,
images/20260116_163347_896.bmp,images,,,,,,
images/20260116_163348_346.bmp,images,,,,,,
images/20260116_163348_782.bmp,images,,,,,,
images/20260116_163358_585.bmp,images,,,,,,
images/20260116_163359_026.bmp,images,,,,,,
images/20260116_163359_463.bmp,images,,,,,,
images/20260116_163359_926.bmp,images,,,,,,
images/20260116_163400_366.bmp,images,,,,,,
images/20260116_163401_250.bmp,images,,,,,,
images/20260116_163401_693.bmp,images,,,,,,
images/20260116_163402_136.bmp,images,,,,,,
images/20260116_163402_592.bmp,images,,,,,,
images/20260116_163422_132.bmp,images,,,,,,
images/20260116_163422_584.bmp,images,,,,,,
images/20260116_163423_020.bmp,images,,,,,,
images/20260116_163423_498.bmp,images,,,,,,
images/20260116_163423_936.bmp,images,,,,,,
images/20260116_163501_674.bmp,images,,,,,,
images/20260116_163502_121.bmp,images,,,,,,
images/20260116_163502_564.bmp,images,,,,,,
images/20260116_163503_014.bmp,images,,,,,,
images/20260116_163503_468.bmp,images,,,,,,
images/20260116_163503_907.bmp,images,,,,,,
images/20260116_163504_348.bmp,images,,,,,,
images/20260116_163504_784.bmp,images,,,,,,
images/20260116_163515_922.bmp,images,,,,,,
images/20260116_163516_364.bmp,images,,,,,,
images/20260116_163516_816.bmp,images,,,,,,
images/20260116_163517_703.bmp,images,,,,,,
images/20260116_163518_142.bmp,images,,,,,,
images/20260116_163519_032.bmp,images,,,,,,
images/20260116_163519_482.bmp,images,,,,,,
images/20260116_163519_922.bmp,images,,,,,,
images/20260116_163520_422.bmp,images,,,,,,
images/20260116_163533_290.bmp,images,,,,,,
images/20260116_163533_710.bmp,images,,,,,,
images/20260116_163534_168.bmp,images,,,,,,
images/20260116_163534_626.bmp,images,,,,,,
images/20260116_163535_065.bmp,images,,,,,,
images/20260116_163554_206.bmp,images,,,,,,
images/20260116_163554_643.bmp,images,,,,,,
images/20260116_163555_092.bmp,images,,,,,,
images/20260116_163555_556.bmp,images,,,,,,
images/20260116_163555_998.bmp,images,,,,,,
images/20260116_163556_441.bmp,images,,,,,,
images/20260116_163556_878.bmp,images,,,,,,
images/20260116_163557_342.bmp,images,,,,,,
images/20260116_163557_765.bmp,images,,,,,,
images/20260116_163558_214.bmp,images,,,,,,
images/20260116_163610_240.bmp,images,,,,,,
images/20260116_163610_687.bmp,images,,,,,,
images/20260116_163611_128.bmp,images,,,,,,
images/20260116_163611_588.bmp,images,,,,,,
images/20260116_163612_020.bmp,images,,,,,,
images/20260116_163612_472.bmp,images,,,,,,
images/20260116_163745_284.bmp,images,,,,,,
images/20260116_163745_722.bmp,images,,,,,,
images/20260116_163746_172.bmp,images,,,,,,
images/20260116_163746_627.bmp,images,,,,,,
images/20260116_163747_070.bmp,images,,,,,,
images/20260116_163747_520.bmp,images,,,,,,
images/20260116_163747_959.bmp,images,,,,,,
images/20260116_163759_968.bmp,images,,,,,,
images/20260116_163800_408.bmp,images,,,,,,
images/20260116_163800_860.bmp,images,,,,,,
images/20260116_163801_330.bmp,images,,,,,,
images/20260116_163801_776.bmp,images,,,,,,
images/20260116_163802_220.bmp,images,,,,,,
images/20260116_163802_658.bmp,images,,,,,,
images/20260116_163812_440.bmp,images,,,,,,
images/20260116_163813_334.bmp,images,,,,,,
images/20260116_163814_224.bmp,images,,,,,,
images/20260116_163814_650.bmp,images,,,,,,
images/20260116_163815_106.bmp,images,,,,,,
images/20260116_163815_554.bmp,images,,,,,,
images/20260116_163825_792.bmp,images,,,,,,
images/20260116_163826_240.bmp,images,,,,,,
images/20260116_163826_694.bmp,images,,,,,,
images/20260116_163827_140.bmp,images,,,,,,
images/20260116_163827_578.bmp,images,,,,,,
images/20260116_163828_028.bmp,images,,,,,,
images/20260116_163828_466.bmp,images,,,,,,
images/20260116_163828_906.bmp,images,,,,,,
images/20260116_163829_354.bmp,images,,,,,,
images/20260116_163840_038.bmp,images,,,,,,
images/20260116_163840_496.bmp,images,,,,,,
images/20260116_163840_934.bmp,images,,,,,,
images/20260116_163841_406.bmp,images,,,,,,
images/20260116_163841_830.bmp,images,,,,,,
images/20260116_163842_278.bmp,images,,,,,,
images/20260116_163922_175.bmp,images,,,,,,
images/20260116_163922_616.bmp,images,,,,,,
images/20260116_163923_086.bmp,images,,,,,,
images/20260116_163923_516.bmp,images,,,,,,
images/20260116_163923_956.bmp,images,,,,,,
images/20260116_163924_400.bmp,images,,,,,,
images/20260116_163934_190.bmp,images,,,,,,
images/20260116_163934_626.bmp,images,,,,,,
images/20260116_163935_076.bmp,images,,,,,,
images/20260116_163935_537.bmp,images,,,,,,
images/20260116_163935_966.bmp,images,,,,,,
images/20260116_163936_426.bmp,images,,,,,,
images/20260116_163936_858.bmp,images,,,,,,
images/20260116_163946_652.bmp,images,,,,,,
images/20260116_163947_106.bmp,images,,,,,,
images/20260116_163947_554.bmp,images,,,,,,
images/20260116_163948_012.bmp,images,,,,,,
images/20260116_163948_436.bmp,images,,,,,,
images/20260116_163948_880.bmp,images,,,,,,
images/20260116_163949_336.bmp,images,,,,,,
images/20260116_163949_775.bmp,images,,,,,,
images/20260116_164000_010.bmp,images,,,,,,
images/20260116_164000_461.bmp,images,,,,,,
images/20260116_164000_894.bmp,images,,,,,,
images/20260116_164001_788.bmp,images,,,,,,
images/20260116_164003_134.bmp,images,,,,,,
images/20260116_164003_571.bmp,images,,,,,,
images/20260116_164004_028.bmp,images,,,,,,
images/20260116_164004_474.bmp,images,,,,,,
images/20260116_164015_150.bmp,images,,,,,,
images/20260116_164015_584.bmp,images,,,,,,
images/20260116_164016_038.bmp,images,,,,,,
images/20260116_164016_486.bmp,images,,,,,,
images/20260116_164016_935.bmp,images,,,,,,
images/20260116_164017_375.bmp,images,,,,,,
